{"cameraMode":{"drawMode":0,"name":"Shaded","section":"Shading Mode"},"sceneLighting":true,"audioPlay":false,"sceneViewState":{"m_AlwaysRefresh":false,"showFog":true,"showSkybox":true,"showFlares":true,"showImageEffects":true,"showParticleSystems":true,"showVisualEffectGraphs":true,"m_FxEnabled":true},"in2DMode":false,"pivot":{"x":10.405227661132813,"y":15.799179077148438,"z":-8.344619750976563},"rotation":{"x":-0.39097070693969729,"y":0.31931909918785097,"z":-0.14676019549369813,"w":-0.8506744503974915},"size":0.5660253763198853,"orthographic":false}